{
  "equity": 1.0,
  "max_equity": 1.0,
  "position": {
    "000001.SZ": {
      "cost": 12.32,
      "qty": 200
    },
    "000002.SZ": {
      "cost": 6.45,
      "qty": 500
    },
    "000004.SZ": {
      "cost": 8.76,
      "qty": 300
    },
    "000006.SZ": {
      "cost": 6.76,
      "qty": 500
    },
    "000007.SZ": {
      "cost": 7.75,
      "qty": 400
    },
    "600462.SH": {
      "cost": 0.15,
      "qty": 24800
    },
    "000584.SZ": {
      "cost": 0.22,
      "qty": 16900
    },
    "002336.SZ": {
      "cost": 0.35,
      "qty": 10600
    },
    "300029.SZ": {
      "cost": 5.505,
      "qty": 600
    },
    "600387.SH": {
      "cost": 0.925,
      "qty": 4000
    },
    "600804.SH": {
      "cost": 0.15,
      "qty": 24800
    },
    "688184.SH": {
      "cost": 9.99,
      "qty": 100
    },
    "600365.SH": {
      "cost": 3.34,
      "qty": 500
    },
    "000622.SZ": {
      "cost": 0.16,
      "qty": 11700
    },
    "300716.SZ": {
      "cost": 6.64,
      "qty": 200
    },
    "002579.SZ": {
      "cost": 14.48219512195122,
      "qty": 8200
    },
    "002017.SZ": {
      "qty": 100,
      "cost": 16.31
    },
    "002104.SZ": {
      "qty": 100,
      "cost": 16.33
    },
    "300600.SZ": {
      "cost": 13.855846153846153,
      "qty": 6500
    },
    "603928.SH": {
      "cost": 18.75085106382979,
      "qty": 4700
    },
    "301357.SZ": {
      "cost": 86.34333333333333,
      "qty": 900
    },
    "002846.SZ": {
      "cost": 19.9,
      "qty": 3000
    },
    "002670.SZ": {
      "cost": 16.17,
      "qty": 3600
    },
    "300591.SZ": {
      "cost": 11.346666666666666,
      "qty": 7800
    },
    "002987.SZ": {
      "cost": 22.17820512820513,
      "qty": 3900
    },
    "301678.SZ": {
      "cost": 56.00333333333333,
      "qty": 1500
    },
    "601606.SH": {
      "cost": 26.67,
      "qty": 2200
    },
    "510300.SH": {
      "cost": 3.980390951006734,
      "qty": 602940
    },
    "511010.SH": {
      "cost": 141.65300000000002,
      "qty": 2800
    },
    "002992.SZ": {
      "cost": 64.3,
      "qty": 400
    },
    "002882.SZ": {
      "cost": 39.9,
      "qty": 700
    },
    "300697.SZ": {
      "cost": 14.57,
      "qty": 2000
    },
    "002878.SZ": {
      "cost": 23.51,
      "qty": 1200
    },
    "301388.SZ": {
      "cost": 32.06,
      "qty": 900
    },
    "301024.SZ": {
      "cost": 58.16,
      "qty": 500
    },
    "601003.SH": {
      "cost": 4.8,
      "qty": 6300
    },
    "603316.SH": {
      "cost": 10.56,
      "qty": 2800
    },
    "300847.SZ": {
      "cost": 21.31,
      "qty": 1400
    },
    "603716.SH": {
      "cost": 22.76,
      "qty": 1300
    },
    "301176.SZ": {
      "cost": 31.93,
      "qty": 900
    },
    "301389.SZ": {
      "cost": 32.73,
      "qty": 900
    }
  }
}