{
  "equity": 1.0,
  "max_equity": 1.0,
  "position": {
    "000001.SZ": {
      "cost": 12.32,
      "qty": 200
    },
    "000002.SZ": {
      "cost": 6.45,
      "qty": 500
    },
    "000004.SZ": {
      "cost": 8.76,
      "qty": 300
    },
    "000006.SZ": {
      "cost": 6.76,
      "qty": 500
    },
    "000007.SZ": {
      "cost": 7.75,
      "qty": 400
    },
    "600462.SH": {
      "cost": 0.15,
      "qty": 24800
    },
    "000584.SZ": {
      "cost": 0.22,
      "qty": 16900
    },
    "002336.SZ": {
      "cost": 0.35,
      "qty": 10600
    },
    "300029.SZ": {
      "cost": 5.505,
      "qty": 600
    },
    "600387.SH": {
      "cost": 0.925,
      "qty": 4000
    },
    "600804.SH": {
      "cost": 0.15,
      "qty": 24800
    },
    "688184.SH": {
      "cost": 9.99,
      "qty": 100
    },
    "600365.SH": {
      "cost": 3.34,
      "qty": 500
    },
    "000622.SZ": {
      "cost": 0.16,
      "qty": 11700
    },
    "300716.SZ": {
      "cost": 6.64,
      "qty": 200
    },
    "002579.SZ": {
      "cost": 13.805909090909092,
      "qty": 2200
    },
    "002017.SZ": {
      "qty": 100,
      "cost": 16.31
    },
    "002104.SZ": {
      "qty": 100,
      "cost": 16.33
    },
    "300600.SZ": {
      "cost": 13.09,
      "qty": 2300
    },
    "603928.SH": {
      "cost": 18.17,
      "qty": 1600
    },
    "301357.SZ": {
      "cost": 81.31,
      "qty": 300
    },
    "002846.SZ": {
      "cost": 19.9,
      "qty": 1500
    },
    "002670.SZ": {
      "cost": 16.17,
      "qty": 1800
    },
    "300591.SZ": {
      "cost": 11.34,
      "qty": 2600
    },
    "002987.SZ": {
      "cost": 20.72,
      "qty": 1400
    },
    "301678.SZ": {
      "cost": 54.11,
      "qty": 500
    },
    "601606.SH": {
      "cost": 26.67,
      "qty": 1100
    },
    "510300.SH": {
      "cost": 3.9630000000000005,
      "qty": 151400
    },
    "511010.SH": {
      "cost": 141.645,
      "qty": 700
    }
  }
}